{
    "normals":[-0.772393,0.411359,0.483932,-0.126713,0.381512,0.915616,0.614154,0.398419,0.681204,0.892331,0.449293,-0.0427259,0.498367,0.495865,-0.711142,-0.271096,0.503037,-0.820612,-0.836634,0.465438,-0.288766,-0.50737,-0.462813,0.726859,-0.908414,-0.415418,0.0464492,-0.625202,-0.363628,-0.690542,0.128971,-0.346446,-0.929136,0.786248,-0.376812,-0.489669,0.85165,-0.431837,0.296884,0.275918,-0.470138,0.838313,0.78573,0.442366,-0.432295,0.128452,0.472732,-0.871761,-0.625721,0.45555,-0.633168,-0.908933,0.40376,0.103824,-0.507889,0.356334,0.784234,0.275399,0.34904,0.895688,0.851131,0.38731,0.354259],
    "vertices":[-0.22763,-0.0558378,0.543836,-0.639552,-0.0368091,0.268424,-0.680542,-0.00230694,-0.224549,-0.319735,0.0216877,-0.563865,0.171175,0.0171065,-0.494012,0.422523,-0.0126009,-0.0675902,0.245038,-0.0450643,0.394295,-0.146237,-1.15677,-0.100377,-0.147684,1.12425,0.0593874,-0.146237,-1.15677,-0.100377,-0.146237,-1.15677,-0.100377,-0.146237,-1.15677,-0.100377,-0.146237,-1.15677,-0.100377,-0.146237,-1.15677,-0.100377,-0.146237,-1.15677,-0.100377,-0.147684,1.12425,0.0593874,-0.147684,1.12425,0.0593874,-0.147684,1.12425,0.0593874,-0.147684,1.12425,0.0593874,-0.147684,1.12425,0.0593874,-0.147684,1.12425,0.0593874],
    "faces":[42,1,0,6,0,6,0,1,0,1,2,42,6,5,4,0,1,2,3,2,3,4,42,4,3,2,0,3,4,5,4,5,6,42,2,1,6,0,5,6,1,6,0,2,42,6,4,2,0,1,3,5,2,4,6,42,0,1,9,0,7,8,9,1,0,7,42,1,2,10,0,8,10,9,0,6,8,42,2,3,11,0,10,11,9,6,5,9,42,3,4,12,0,11,12,9,5,4,10,42,4,5,13,0,12,13,9,4,3,11,42,5,6,14,0,13,14,9,3,2,12,42,6,0,7,0,14,15,9,2,1,13,42,5,4,15,0,7,8,9,3,4,14,42,4,3,16,0,8,10,9,4,5,15,42,3,2,17,0,10,11,9,5,6,16,42,2,1,18,0,11,12,9,6,0,17,42,1,0,19,0,12,13,9,0,1,18,42,0,6,20,0,13,14,9,1,2,19,42,6,5,8,0,14,15,9,2,3,20],
    "metadata":{
        "normals":21,
        "vertices":21,
        "faces":19,
        "version":3,
        "materials":1,
        "type":"Geometry",
        "generator":"io_three",
        "uvs":1
    },
    "materials":[{
        "depthWrite":true,
        "visible":true,
        "colorDiffuse":[0.4,0.4,0.4],
        "depthTest":true,
        "DbgName":"lambert1",
        "specularCoef":49,
        "wireframe":false,
        "transparent":false,
        "colorSpecular":[0.5,0.5,0.5],
        "shading":"phong",
        "opacity":1,
        "blending":"NormalBlending",
        "DbgColor":15658734,
        "colorEmissive":[0,0,0],
        "DbgIndex":0
    }],
    "uvs":[[0.655872,0.0545422,0.75,0.25,0.655872,0.445458,0.44437,0.493732,0.274758,0.358471,0.274758,0.141529,0.44437,0.00626802,0.25,0.5,0.321429,0.5,0.5,1,0.392857,0.5,0.464286,0.5,0.535714,0.5,0.607143,0.5,0.678571,0.5,0.75,0.5]]
}